{
    "train_loss": [
        0.2077113926410675,
        0.20764721930027008,
        0.20758300870656968,
        0.20751875638961792,
        0.20745443254709245,
        0.2024806931614876,
        0.20241609662771226,
        0.2023514598608017,
        0.2022867977619171,
        0.20222208946943282,
        0.20743096321821214,
        0.20739761739969254,
        0.20736470371484755,
        0.20733220726251603,
        0.20730007886886598,
        0.20745659917593,
        0.207430137693882,
        0.20739717781543732,
        0.20735404044389724,
        0.20729902386665344,
        0.1650125070824288,
        0.14656757251359523,
        0.13857328769424931,
        0.1981040187785402,
        0.1925811254773289,
        0.18797751310281455,
        0.21065952628850937,
        0.210649211704731,
        0.21063891053199768,
        0.21139673739671708,
        0.21134805381298066,
        0.2112993136048317,
        0.21604132205247878,
        0.2160365879535675,
        0.21603184938430786,
        0.21388945132493972,
        0.21388945132493972,
        0.21388945132493972,
        0.21388420909643174,
        0.21387461721897125,
        0.2138650581240654,
        0.21172212362289428,
        0.21170739829540253,
        0.2116927310824394,
        0.20354730933904647,
        0.2034947618842125,
        0.2034423515200615,
        0.19391862839553506,
        0.18439562116377056,
        0.17977082071080805,
        0.17885276085883378,
        0.17787605749163776,
        0.17672424435615539,
        0.17540199364349246,
        0.17407564601209013
    ],
    "train_acc": [
        0.4955061728395062,
        0.4955061728395062,
        0.4955061728395062,
        0.4955061728395062,
        0.4955061728395062,
        0.8671750181554103,
        0.8671750181554103,
        0.8671750181554103,
        0.8671750181554103,
        0.8671750181554103,
        0.8671750181554103,
        0.8671750181554103,
        0.8671750181554103,
        0.8671750181554103,
        0.8671750181554103,
        0.8671750181554103,
        0.8671750181554103,
        0.8671750181554103,
        0.8671750181554103,
        0.8671750181554103,
        0.7907811147421903,
        0.7995703740014504,
        0.8027138489469849,
        0.7792498366013071,
        0.7792498366013071,
        0.7792498366013071,
        0.8671750181554103,
        0.8671750181554103,
        0.8671750181554103,
        0.8671750181554103,
        0.8671750181554103,
        0.8671750181554103,
        0.8671750181554103,
        0.8671750181554103,
        0.8671750181554103,
        0.8671750181554103,
        0.8671750181554103,
        0.8671750181554103,
        0.8671750181554103,
        0.8671750181554103,
        0.8671750181554103,
        0.18235294117647058,
        0.18235294117647058,
        0.18235294117647058,
        0.18235294117647058,
        0.18235294117647058,
        0.18235294117647058,
        0.10321323529411655,
        0.10321323529411655,
        0.10321323529411655,
        0.10321323529411655,
        0.10321323529411655,
        0.10321323529411655,
        0.10321323529411655,
        0.10321323529411655
    ],
    "test_acc": [
        0.48167029774872905,
        0.48167029774872905,
        0.48167029774872905,
        0.48167029774872905,
        0.48167029774872905,
        0.4769498910675381,
        0.4769498910675381,
        0.4769498910675381,
        0.4769498910675381,
        0.4769498910675381,
        0.27986056644880175,
        0.2794596949891067,
        0.2792883079157589,
        0.2790675381263617,
        0.2788409586056645,
        0.3242440087145969,
        0.3220944081336238,
        0.32003776325344957,
        0.31876833696441537,
        0.31840522875816996,
        0.3504648229791916,
        0.30012476351373646,
        0.27464970170909714,
        0.3966208127397298,
        0.3966208127397298,
        0.3966208127397298,
        0.3405954974582426,
        0.3404880174291939,
        0.3404066811909948,
        0.5352302106027595,
        0.5350849673202613,
        0.5349891067538126,
        0.7679041394335513,
        0.7679041394335513,
        0.7679041394335513,
        0.6453681917211329,
        0.6453681917211329,
        0.6453681917211329,
        0.6452113289760348,
        0.6450806100217865,
        0.6449876543209877,
        0.1823529411764706,
        0.1823529411764706,
        0.1823529411764706,
        0.1823529411764706,
        0.1823529411764706,
        0.1823529411764706,
        0.10023694241269236,
        0.10023694241269236,
        0.10023694241269236,
        0.10023694241269236,
        0.10023694241269236,
        0.10023694241269236,
        0.10023694241269236,
        0.10023694241269236
    ]
}